student_id,topic_id,attempts,avg_score,accuracy,avg_time
202,22,2,2.0,0.4,90.0041060866404
202,23,5,1.0,0.2,73.10496199403906
202,24,4,0.5,0.1,75.57602886166327
202,25,4,1.25,0.25,79.17780537127771
202,26,2,1.5,0.3,49.96317121706115
202,27,3,1.0,0.25,66.5699079761399
202,28,3,1.0,0.3333333333333333,72.23841195309824
203,22,3,2.3333333333333335,0.4666666666666666,68.41691079489577
203,23,2,2.0,0.4,46.90907853307005
203,24,1,1.0,0.2,89.4529537754438
203,25,1,3.0,0.6,75.6757405089453
203,26,4,2.0,0.4,72.02099653423448
203,27,3,1.0,0.25,70.96724676252833
203,28,6,0.8333333333333334,0.27777777777777773,85.83837992218936
203,29,3,1.6666666666666667,0.5555555555555555,75.24805488846953
204,22,3,1.0,0.20000000000000004,70.26870562020237
204,23,1,1.0,0.2,90.3569821804113
204,24,3,0.6666666666666666,0.13333333333333333,56.47134256886756
204,25,6,1.1666666666666667,0.23333333333333336,63.4449025396801
204,26,1,1.0,0.2,101.372495064009
204,27,5,0.8,0.2,92.3348527927786
204,28,2,1.5,0.5,106.6811036070052
204,29,2,0.5,0.16666666666666666,72.00117646184064
205,22,3,1.6666666666666667,0.3333333333333333,65.41054278132823
205,23,2,1.0,0.2,73.35120645890426
205,24,8,0.75,0.15000000000000002,84.58695194309715
205,25,1,0.0,0.0,67.161055173549
205,26,6,1.1666666666666667,0.23333333333333336,93.56032765925288
205,27,2,0.5,0.125,87.6390441842144
205,28,4,0.5,0.16666666666666666,84.4452970530546
205,29,6,0.16666666666666666,0.05555555555555555,65.3909569132271
206,22,5,1.0,0.2,107.11660290598142
206,23,4,0.75,0.15000000000000002,54.34754797966325
206,24,7,1.4285714285714286,0.2857142857142857,75.3476601200725
206,25,4,1.0,0.2,65.61878585133748
206,26,4,1.0,0.2,82.41352699281738
206,27,6,1.3333333333333333,0.3333333333333333,59.76592695979432
206,28,3,0.3333333333333333,0.1111111111111111,92.40202713229917
206,29,3,0.3333333333333333,0.1111111111111111,59.7680614544741
207,22,3,1.3333333333333333,0.26666666666666666,67.01670207900723
207,23,3,0.6666666666666666,0.13333333333333333,65.62283687708329
207,24,3,1.3333333333333333,0.26666666666666666,76.24392649443456
207,25,2,0.5,0.1,35.6579875970658
207,26,4,0.75,0.15000000000000002,70.67981414620655
207,27,2,1.0,0.25,89.85061946908975
207,28,2,0.0,0.0,62.638356820152396
207,29,3,0.6666666666666666,0.2222222222222222,64.00398160735547
208,22,5,0.6,0.12000000000000002,80.67721958639757
208,23,2,1.5,0.30000000000000004,112.380130914524
208,24,2,2.0,0.4,49.64443457161275
208,25,2,1.0,0.2,106.1053316112012
208,26,2,1.0,0.2,63.2972665552926
208,27,3,1.3333333333333333,0.3333333333333333,86.4056319837732
208,28,7,0.5714285714285714,0.19047619047619047,66.45429690596528
208,29,3,1.0,0.3333333333333333,54.852348702774236
209,22,3,0.6666666666666666,0.13333333333333333,94.90811563123764
209,23,2,1.5,0.30000000000000004,81.7770973356636
209,24,5,1.0,0.2,96.67372289103301
209,25,2,2.5,0.5,34.85459269257355
209,26,4,0.5,0.1,58.4878844695098
209,27,2,1.5,0.375,66.51971193310155
209,28,5,0.2,0.06666666666666667,81.6536166985641
209,29,4,0.5,0.16666666666666666,75.7081683962261
210,22,5,2.4,0.48,100.32137092139118
210,23,2,2.0,0.4,78.59236048353115
210,24,8,1.375,0.275,80.3015046213398
210,25,2,1.5,0.3,99.97419288000876
210,26,5,1.6,0.32,80.2991682521596
210,27,4,1.25,0.3125,69.65904247946547
210,28,4,0.5,0.16666666666666666,76.83304850435368
210,29,6,0.5,0.16666666666666666,78.4484679835836
211,22,7,2.0,0.39999999999999997,82.27435802189454
211,23,2,2.5,0.5,64.0323799881713
211,24,3,0.6666666666666666,0.13333333333333333,60.6971389956264
211,25,4,0.75,0.15000000000000002,67.67889902506423
211,26,3,2.0,0.4000000000000001,99.62057317747781
211,27,5,1.6,0.4,73.03292228072289
211,28,1,0.0,0.0,76.354263607745
211,29,1,1.0,0.3333333333333333,59.0077801553427
212,22,2,0.5,0.1,82.48686875650455
212,23,1,1.0,0.2,32.3604701289941
212,24,4,2.0,0.4,70.67572374997148
212,25,3,1.3333333333333333,0.26666666666666666,89.9813354469325
212,26,2,0.0,0.0,84.67315556648634
212,27,4,0.75,0.1875,71.05667171361503
212,28,3,0.3333333333333333,0.1111111111111111,72.84022127534607
212,29,4,0.75,0.24999999999999997,70.41685490396935
213,23,4,1.0,0.2,84.06663238664842
213,24,4,1.5,0.3,82.86359568091763
213,25,4,1.25,0.25,74.2603734503264
213,26,3,1.3333333333333333,0.26666666666666666,73.85742064495923
213,27,3,1.6666666666666667,0.4166666666666667,82.14761715800067
213,28,1,0.0,0.0,117.62444559229
213,29,5,0.8,0.26666666666666666,55.35355215375184
214,22,3,1.0,0.20000000000000004,94.55096479585221
214,23,2,1.0,0.2,49.45308752516025
214,24,5,1.4,0.28,77.48822483106734
214,25,6,0.8333333333333334,0.16666666666666666,71.28202834486945
214,26,2,2.0,0.4,73.2207601169155
214,27,1,2.0,0.5,50.8502965052935
214,28,1,0.0,0.0,103.446261184318
214,29,4,0.75,0.25,65.24600489676352
215,22,2,3.0,0.6,107.75108714843549
215,23,4,0.5,0.1,70.00908057464203
215,24,2,0.5,0.1,77.03863812284439
215,25,3,0.6666666666666666,0.13333333333333333,109.03441548531868
215,26,3,1.0,0.20000000000000004,84.95451142106873
215,27,2,0.0,0.0,72.18151506956035
215,28,5,0.8,0.26666666666666666,64.10594164330006
215,29,3,0.3333333333333333,0.1111111111111111,79.02073631294773
216,22,2,3.0,0.6000000000000001,62.86109595837195
216,23,2,0.5,0.1,40.18084467925075
216,24,6,1.0,0.19999999999999998,71.282196377202
216,25,3,1.0,0.20000000000000004,100.16306125212587
216,26,3,1.3333333333333333,0.26666666666666666,65.45737808570124
216,27,4,1.0,0.25,82.83990830380343
216,28,4,0.75,0.24999999999999997,89.7476021111995
216,29,1,1.0,0.3333333333333333,110.56250545392
217,22,4,0.75,0.15000000000000002,70.60621042360962
217,23,6,1.3333333333333333,0.26666666666666666,58.17622863241127
217,24,7,1.5714285714285714,0.31428571428571433,65.76631649262222
217,25,5,2.0,0.4,79.83677927886774
217,26,2,1.5,0.30000000000000004,90.52067588622235
217,27,4,0.75,0.1875,92.3997910721005
217,28,2,0.5,0.16666666666666666,54.89038201932195
217,29,5,0.6,0.2,88.8377122094549
218,22,1,2.0,0.4,61.0077627733635
218,23,4,1.0,0.2,70.012626744317
218,24,2,1.5,0.30000000000000004,85.42681812573116
218,25,2,2.0,0.4,70.69588462970245
218,26,5,1.2,0.24000000000000005,77.93179951226276
218,27,4,1.5,0.375,83.5563478013802
218,28,3,1.3333333333333333,0.4444444444444444,78.3678876539238
218,29,1,0.0,0.0,54.3027725164627
219,22,5,2.0,0.4,78.50562321677866
219,23,1,1.0,0.2,119.336264007912
219,24,5,1.4,0.27999999999999997,90.91619349313008
219,25,4,0.5,0.1,86.59386190866812
219,26,2,1.0,0.2,94.39399400170795
219,27,1,0.0,0.0,69.4318958552135
219,29,2,0.5,0.16666666666666666,60.7355179556741
220,22,4,1.0,0.2,95.04469802543467
220,23,3,1.0,0.19999999999999998,95.10034094602696
220,24,4,1.5,0.3,83.29987090810835
220,25,1,2.0,0.4,95.3504807297946
220,26,2,0.5,0.1,80.82606024405871
220,27,3,1.0,0.25,84.42816382410133
220,28,1,1.0,0.3333333333333333,34.6168840720985
220,29,7,0.8571428571428571,0.2857142857142857,70.88474314987062
221,22,2,1.0,0.2,107.2328635145535
221,23,4,0.25,0.05,77.02345532525447
221,24,1,1.0,0.2,81.0790785481339
221,25,4,1.75,0.35000000000000003,67.43064809952267
221,26,3,2.3333333333333335,0.4666666666666666,67.7293302176203
221,27,5,0.8,0.2,93.02892157732867
221,28,5,1.0,0.3333333333333333,89.74658135018731
221,29,4,1.0,0.3333333333333333,99.5380547361749
222,22,4,0.75,0.15000000000000002,104.0863763411118
222,23,5,1.8,0.36,78.8097172922776
222,24,6,0.6666666666666666,0.13333333333333333,83.81347707109781
222,25,2,2.0,0.4,79.82097712851964
222,26,6,1.1666666666666667,0.23333333333333336,81.52051049980797
222,27,1,2.0,0.5,95.3876342198651
222,28,4,1.0,0.3333333333333333,69.81600167465368
222,29,1,1.0,0.3333333333333333,106.465346946109
223,23,2,1.0,0.2,106.8303298941355
223,24,2,1.0,0.2,79.3734574014621
223,25,2,1.5,0.30000000000000004,64.41388217842649
223,26,6,1.1666666666666667,0.2333333333333333,46.17675137300784
223,27,2,1.5,0.375,82.60538061028495
223,28,1,1.0,0.3333333333333333,106.747646279323
223,29,5,0.4,0.13333333333333333,85.59043315151317
224,22,4,2.25,0.45,92.07828886534556
224,23,4,0.0,0.0,78.3650632876861
224,24,5,1.0,0.2,86.55663614422188
224,25,4,0.75,0.15000000000000002,96.28666109923795
224,26,3,1.3333333333333333,0.26666666666666666,63.39001986184039
224,27,11,1.2727272727272727,0.3181818181818182,84.63226993420712
224,28,3,0.3333333333333333,0.1111111111111111,56.297241862382464
224,29,2,1.5,0.5,56.675557785151994
225,22,3,1.6666666666666667,0.3333333333333333,60.25974205415876
225,23,1,1.0,0.2,38.3620729528937
225,24,2,1.0,0.2,75.31718415167185
225,25,5,1.4,0.27999999999999997,76.29050320460232
225,26,2,2.5,0.5,94.54652950564841
225,27,3,0.6666666666666666,0.16666666666666666,77.45819102749716
225,28,2,1.0,0.3333333333333333,66.4267123303703
225,29,4,0.75,0.25,52.206138659323976
226,22,4,0.75,0.15000000000000002,64.46563529598318
226,23,1,1.0,0.2,72.6010143995053
226,24,4,1.25,0.25,78.5411022756063
226,25,2,1.5,0.30000000000000004,63.943359912869546
226,26,6,1.1666666666666667,0.23333333333333336,63.78921208488517
226,27,5,1.0,0.25,75.82430127935989
226,28,7,0.5714285714285714,0.19047619047619047,87.38077067280197
227,22,6,0.6666666666666666,0.13333333333333333,68.46294063969741
227,23,6,0.8333333333333334,0.16666666666666666,69.26767447103394
227,24,4,1.5,0.3,72.45244072789947
227,25,5,1.0,0.2,93.17765364318178
227,26,3,0.6666666666666666,0.13333333333333333,86.55349685715834
227,27,2,1.5,0.375,92.57313919557521
227,28,7,1.1428571428571428,0.38095238095238093,87.77067716810602
227,29,7,1.1428571428571428,0.38095238095238093,80.14306644157708
228,22,3,1.3333333333333333,0.26666666666666666,114.61770986704666
228,23,3,1.3333333333333333,0.26666666666666666,71.97005523550146
228,24,4,2.5,0.5,65.21589355231332
228,25,6,1.0,0.20000000000000004,83.12279516404406
228,26,1,2.0,0.4,108.855830816694
228,27,4,0.75,0.1875,84.0721489209637
228,28,5,0.6,0.2,78.76542186761591
228,29,5,1.2,0.4,76.84363722656761
229,22,3,1.3333333333333333,0.26666666666666666,83.40827059639973
229,23,4,2.5,0.5,71.4080088162554
229,24,1,0.0,0.0,43.6529198310591
229,25,4,1.75,0.35000000000000003,59.4656962288509
229,26,2,1.0,0.2,87.0850304432304
229,27,3,1.0,0.25,62.544995564529266
229,28,1,0.0,0.0,104.921018063752
229,29,5,0.4,0.13333333333333333,65.9342812653316
230,22,5,0.4,0.08,81.25149523528556
230,23,5,1.8,0.36,61.13718258500844
230,24,1,3.0,0.6,63.6387367787443
230,25,4,1.0,0.2,77.37346740708283
230,26,4,0.5,0.1,98.52573501805905
230,27,9,1.3333333333333333,0.3333333333333333,91.83141315667093
230,28,5,0.6,0.2,84.13181496153288
230,29,7,1.0,0.3333333333333333,71.53833870567053
231,22,3,0.6666666666666666,0.13333333333333333,90.35629333586245
231,23,7,1.0,0.2,60.0522816471364
231,24,3,1.6666666666666667,0.3333333333333333,72.53640936955127
231,25,6,0.8333333333333334,0.16666666666666666,77.83172541763709
231,26,8,1.375,0.275,67.60989938348209
231,27,2,1.0,0.25,70.04790658441205
231,28,3,0.6666666666666666,0.2222222222222222,57.40125100090813
231,29,4,1.25,0.41666666666666663,63.11012945867035
232,22,3,1.6666666666666667,0.3333333333333333,91.03357451416598
232,23,5,1.0,0.2,78.3592699921188
232,24,2,0.5,0.1,57.112242153492545
232,25,3,0.6666666666666666,0.13333333333333333,63.019548816200505
232,26,6,1.1666666666666667,0.23333333333333336,76.14918155037942
232,27,3,1.0,0.25,73.67574675400287
232,28,1,1.0,0.3333333333333333,76.4031825637472
232,29,4,0.5,0.16666666666666666,68.76843454494858
233,22,6,1.5,0.3,56.80634096542857
233,23,1,3.0,0.6,81.8190594759175
233,24,3,1.6666666666666667,0.3333333333333333,91.29782109911078
233,25,1,1.0,0.2,105.71747525519
233,26,2,1.5,0.30000000000000004,46.912910744261154
233,27,5,0.6,0.15,83.99208979789854
233,28,2,0.5,0.16666666666666666,71.9857572252329
233,29,4,0.5,0.16666666666666666,79.85257979291376
234,22,4,1.25,0.25,68.45256865093728
234,23,3,1.3333333333333333,0.26666666666666666,61.67875015298066
234,24,6,2.1666666666666665,0.43333333333333335,83.15975066347654
234,25,2,3.0,0.6,95.37824953613824
234,26,2,1.5,0.30000000000000004,87.20200701164529
234,27,2,1.0,0.25,96.79971481094961
234,28,3,0.3333333333333333,0.1111111111111111,76.09728870289443
234,29,3,1.3333333333333333,0.4444444444444444,90.34998107644776
235,22,3,3.0,0.6,86.6981531668929
235,23,2,1.5,0.30000000000000004,43.089011860033295
235,24,4,0.5,0.1,84.3939536455413
235,25,6,1.1666666666666667,0.23333333333333336,96.13654047867969
235,26,1,3.0,0.6,38.9294631370151
235,27,3,1.3333333333333333,0.3333333333333333,70.21645478618693
235,28,3,1.3333333333333333,0.4444444444444444,58.3532297548183
235,29,3,1.0,0.3333333333333333,99.57395475287485
236,23,4,1.75,0.35,83.59756587631912
236,24,5,1.2,0.24000000000000005,69.5831836794776
236,25,7,1.2857142857142858,0.2571428571428572,79.21376028472851
236,26,6,1.3333333333333333,0.26666666666666666,82.90988182387788
236,27,2,1.5,0.375,64.94285184586755
236,28,4,0.75,0.24999999999999997,67.55877513778843
236,29,5,0.8,0.26666666666666666,78.31180196251667
237,22,8,1.125,0.225,80.47537888930029
237,23,3,0.6666666666666666,0.13333333333333333,84.52469473904704
237,24,1,2.0,0.4,66.3521151326985
237,25,6,1.6666666666666667,0.3333333333333333,78.66484148196169
237,26,2,0.0,0.0,70.7719312200019
237,27,5,1.0,0.25,76.4757792756299
237,28,7,0.7142857142857143,0.23809523809523808,76.44490517886322
237,29,6,1.3333333333333333,0.4444444444444444,69.11438183180766
238,22,5,0.8,0.16,61.329403839321536
238,23,6,1.1666666666666667,0.23333333333333336,76.90815558542755
238,24,2,0.5,0.1,80.52859796293515
238,25,4,1.25,0.25,65.93325882659343
238,26,5,1.6,0.32,61.209746368945744
238,27,1,1.0,0.25,85.317123386656
238,28,5,0.2,0.06666666666666667,69.72972188907433
238,29,3,1.0,0.3333333333333333,91.27262097272107
239,22,3,1.0,0.20000000000000004,69.56731882869606
239,23,4,1.5,0.30000000000000004,72.44068828578543
239,24,5,1.0,0.2,82.25567049137928
239,25,6,1.1666666666666667,0.23333333333333336,58.00171826796167
239,26,3,1.0,0.20000000000000004,67.0125470936506
239,27,3,0.3333333333333333,0.08333333333333333,102.76550039703982
239,28,4,0.75,0.25,64.0305438167564
239,29,7,0.42857142857142855,0.14285714285714285,83.76316400064265
240,22,3,1.3333333333333333,0.26666666666666666,90.57261311412651
240,23,1,2.0,0.4,85.9811659599442
240,24,1,1.0,0.2,100.994906444017
240,26,5,0.8,0.16,80.33890963780863
240,27,2,0.0,0.0,43.8387552177414
240,28,4,0.5,0.16666666666666666,68.84243750738275
240,29,4,0.5,0.16666666666666666,85.38246447997305
241,22,2,2.0,0.4,66.70728006415476
241,23,2,3.0,0.6000000000000001,73.5852277746192
241,24,3,2.0,0.4000000000000001,59.032263002638764
241,25,6,1.5,0.3,82.00136376387343
241,26,5,1.2,0.24000000000000005,87.03680981846813
241,27,3,0.3333333333333333,0.08333333333333333,70.07130766288996
241,28,3,0.6666666666666666,0.2222222222222222,88.53686044598062
241,29,2,1.5,0.5,34.73290453446465
242,22,2,1.5,0.30000000000000004,111.242156870489
242,23,5,0.6,0.12000000000000002,74.43400244851392
242,24,5,1.2,0.24000000000000005,58.609546920338516
242,25,2,1.0,0.2,47.925977624322854
242,26,3,2.0,0.39999999999999997,47.51280381294399
242,27,3,1.6666666666666667,0.4166666666666667,101.8892811808041
242,28,7,0.8571428571428571,0.2857142857142857,66.67803195670199
242,29,6,0.6666666666666666,0.2222222222222222,53.000473188712085
243,22,7,1.5714285714285714,0.31428571428571433,75.46340093446254
243,23,4,1.25,0.25,95.27471868098431
243,24,7,0.8571428571428571,0.17142857142857146,78.25359848436857
243,25,4,1.5,0.30000000000000004,70.6385199502861
243,26,1,1.0,0.2,98.6588563099823
243,27,5,0.6,0.15,77.96626106813497
243,28,4,0.75,0.25,63.9540208818225
244,22,5,1.0,0.2,72.4068649943202
244,23,1,2.0,0.4,115.434802856173
244,24,4,1.0,0.2,67.0605515618221
244,25,2,1.0,0.2,44.31916153636385
244,26,6,1.5,0.3,76.97627283232535
244,27,5,1.0,0.25,77.11927293617559
244,28,7,0.2857142857142857,0.09523809523809523,70.53586267438654
244,29,4,1.0,0.3333333333333333,81.67284734082148
245,22,5,1.0,0.2,88.13780172278894
245,23,3,1.0,0.20000000000000004,67.81290581651517
245,24,10,0.8,0.16,69.58281209933122
245,25,4,2.0,0.4,58.6099367712587
245,26,2,0.5,0.1,59.05264342544165
245,27,4,0.75,0.1875,108.56199348702927
245,28,3,0.6666666666666666,0.2222222222222222,89.26989417845493
245,29,8,0.75,0.25,69.18018069896291
246,22,4,1.25,0.25,50.778415236630174
246,23,1,1.0,0.2,64.976292077531
246,24,4,1.5,0.30000000000000004,70.97309385689823
246,25,7,1.1428571428571428,0.2285714285714286,60.591448591117384
246,26,2,3.5,0.7,91.28859352735654
246,27,3,0.3333333333333333,0.08333333333333333,75.26471668905187
246,28,2,2.0,0.6666666666666666,109.5982778839695
246,29,4,0.75,0.25,98.17158247296283
247,22,5,1.8,0.36,75.58410108313942
247,23,3,0.6666666666666666,0.13333333333333333,47.070408436533704
247,24,2,1.0,0.2,47.12867982950325
247,25,6,1.8333333333333333,0.3666666666666667,88.78298665963695
247,26,3,0.6666666666666666,0.13333333333333333,77.45796785585553
247,27,4,1.0,0.25,77.72872005053507
247,28,3,1.3333333333333333,0.4444444444444444,50.52252054034967
247,29,2,1.0,0.3333333333333333,67.9965652553227
248,22,6,1.3333333333333333,0.26666666666666666,74.01874616468399
248,23,4,1.0,0.2,86.27468239206883
248,24,5,0.4,0.08,82.05987226131614
248,25,3,1.3333333333333333,0.26666666666666666,61.014998115971935
248,26,5,1.0,0.2,99.46974805775936
248,27,7,1.0,0.25,78.6965632964778
248,28,3,0.6666666666666666,0.2222222222222222,64.64447926906188
248,29,4,1.25,0.41666666666666663,75.78839042260005
249,22,5,1.0,0.2,72.52403333068807
249,23,6,0.8333333333333334,0.16666666666666666,89.04782185582934
249,24,4,2.0,0.4,102.27865246150535
249,25,7,1.1428571428571428,0.2285714285714286,73.90941202063803
249,26,4,1.5,0.3,70.34075032257883
249,27,3,1.3333333333333333,0.3333333333333333,66.27841931214915
249,28,3,0.3333333333333333,0.1111111111111111,48.84494426791247
249,29,8,1.0,0.3333333333333333,89.58386201249336
250,22,6,1.6666666666666667,0.3333333333333333,63.04454633768248
250,23,7,1.2857142857142858,0.2571428571428572,83.52313403292369
250,24,2,1.5,0.30000000000000004,84.79366242422805
250,25,4,1.25,0.25,59.3662135297937
250,26,7,1.4285714285714286,0.2857142857142857,80.22362468425565
250,27,5,0.4,0.1,56.71026083498292
250,28,1,2.0,0.6666666666666666,82.5491224498258
250,29,5,0.6,0.19999999999999998,85.3090176303107
251,22,2,0.5,0.1,84.80866132339415
251,23,2,0.5,0.1,50.74649244377456
251,24,4,1.5,0.30000000000000004,49.02436601102163
251,25,2,1.5,0.30000000000000004,42.93754710901975
251,26,1,2.0,0.4,57.3823920756292
251,27,5,0.8,0.2,74.96710163508065
251,28,3,0.3333333333333333,0.1111111111111111,73.53665920350197
251,29,4,0.25,0.08333333333333333,54.1319535046029
252,22,5,0.8,0.16,62.8051895030639
252,23,4,1.0,0.2,89.04784522170613
252,24,3,1.3333333333333333,0.26666666666666666,78.61265309857039
252,25,3,1.3333333333333333,0.26666666666666666,86.17794014676058
252,26,5,1.2,0.24000000000000005,65.11803546605333
252,27,5,1.0,0.25,59.951124323996055
252,28,3,1.0,0.3333333333333333,70.31648920243083
252,29,2,1.0,0.3333333333333333,102.85767005241935
253,22,4,1.5,0.30000000000000004,55.989197905802754
253,23,4,1.5,0.30000000000000004,79.2608915997698
253,24,3,0.3333333333333333,0.06666666666666667,79.83956888826297
253,25,2,2.0,0.4,85.14825579820484
253,26,3,1.3333333333333333,0.26666666666666666,51.921259021909236
253,27,4,0.0,0.0,68.3893757551772
253,28,6,0.6666666666666666,0.2222222222222222,65.1273773106422
253,29,6,0.5,0.16666666666666666,84.59766899961012
254,22,4,1.5,0.30000000000000004,81.77729355024735
254,23,3,0.3333333333333333,0.06666666666666667,89.73111048494387
254,24,5,0.8,0.16,90.1689885916372
254,25,3,1.0,0.20000000000000004,81.79754762830076
254,26,2,2.5,0.5,65.14613406929625
254,27,2,1.0,0.25,75.7700562869843
254,28,3,0.6666666666666666,0.2222222222222222,86.0610079671268
254,29,2,1.0,0.3333333333333333,78.08963784958085
255,22,1,0.0,0.0,82.8985201327236
255,23,4,1.5,0.3,83.72277837905744
255,24,5,1.4,0.28,76.06142997404052
255,25,8,1.0,0.2,51.15496416662923
255,26,3,1.3333333333333333,0.26666666666666666,47.35445590220284
255,27,3,1.0,0.25,74.40454132031972
255,28,3,0.6666666666666666,0.2222222222222222,95.00816143744578
255,29,4,1.0,0.3333333333333333,93.39300139636995
256,22,4,1.25,0.25,72.2353499083422
256,23,3,1.0,0.19999999999999998,73.22858883866259
256,24,1,1.0,0.2,32.8673779371547
256,25,2,1.0,0.2,91.97009255935359
256,26,4,1.0,0.2,84.4471396596166
256,27,6,1.1666666666666667,0.2916666666666667,71.62793339809632
256,28,1,2.0,0.6666666666666666,103.448813849694
256,29,2,1.0,0.3333333333333333,90.88876688977254
257,22,4,1.0,0.2,63.9794300859008
257,23,6,1.0,0.19999999999999998,61.98811639089905
257,24,6,0.5,0.10000000000000002,69.04245811302336
257,25,3,1.3333333333333333,0.26666666666666666,68.6702430574477
257,26,7,0.5714285714285714,0.1142857142857143,73.06464800638479
257,27,1,1.0,0.25,33.5425889988691
257,28,4,1.75,0.5833333333333333,52.60375168549754
257,29,2,1.5,0.5,105.31835014223014
258,22,4,0.75,0.15000000000000002,73.14279351685926
258,23,8,1.5,0.3,73.7941798200229
258,24,3,1.6666666666666667,0.3333333333333333,52.07296950287783
258,25,2,1.5,0.30000000000000004,72.58118428774205
258,26,7,0.5714285714285714,0.1142857142857143,65.53456650027864
258,27,6,1.1666666666666667,0.2916666666666667,84.36378904137098
258,28,3,2.0,0.6666666666666666,69.36032262838947
258,29,4,0.75,0.25,77.64625082400354
259,22,5,1.2,0.24000000000000005,75.92542166149215
259,23,6,1.3333333333333333,0.26666666666666666,81.11487463809786
259,24,5,1.4,0.28,78.76812338715112
259,25,4,1.25,0.25,75.57617179154367
259,26,3,2.0,0.39999999999999997,70.64063144924216
259,27,2,2.0,0.5,73.80641583185096
259,28,5,0.8,0.26666666666666666,72.37006302231104
259,29,5,0.8,0.26666666666666666,98.6893763279998
260,22,9,1.3333333333333333,0.2666666666666667,71.98499938643157
260,23,5,1.2,0.24000000000000005,65.43426999597392
260,24,6,1.0,0.20000000000000004,72.01652205188137
260,25,6,1.6666666666666667,0.3333333333333333,76.50509841229045
260,26,3,0.6666666666666666,0.13333333333333333,73.20698613404036
260,27,2,2.0,0.5,99.02783733136765
260,28,7,1.0,0.3333333333333333,71.91885110370234
260,29,2,0.0,0.0,75.90973985822595
261,22,1,0.0,0.0,35.7475358487589
261,23,1,1.0,0.2,31.5544281376422
261,24,5,0.4,0.08,63.68213314030466
261,25,4,1.25,0.25,75.04204477433551
261,26,3,1.3333333333333333,0.26666666666666666,61.64429027940906
261,27,3,1.6666666666666667,0.4166666666666667,63.55874477572987
261,29,4,0.75,0.25,82.41029683823525
262,22,2,2.0,0.4,68.55032824951515
262,23,5,1.4,0.27999999999999997,79.2477878670572
262,24,3,0.6666666666666666,0.13333333333333333,45.96159317799307
262,25,2,1.0,0.2,47.94071041679105
262,26,2,0.5,0.1,52.1833318285261
262,27,5,2.4,0.6,79.92029050122184
262,28,5,0.4,0.13333333333333333,101.19517673676725
262,29,2,0.5,0.16666666666666666,62.4912688147608
263,22,8,1.25,0.25,63.655546036260176
263,23,4,2.0,0.4,76.02127278241743
263,24,1,1.0,0.2,70.2701051531356
263,25,6,1.0,0.20000000000000004,85.92240581232085
263,26,5,1.4,0.28,92.52334282253524
263,28,2,1.5,0.5,49.257092838864494
263,29,3,1.0,0.3333333333333333,87.38651768396205
264,22,4,2.0,0.39999999999999997,85.75031983591907
264,23,6,1.0,0.20000000000000004,85.41823700115368
264,24,6,1.6666666666666667,0.3333333333333333,81.91024450626146
264,25,4,0.75,0.15000000000000002,68.26232473727549
264,26,6,1.1666666666666667,0.23333333333333336,79.94135552975857
264,27,7,0.8571428571428571,0.21428571428571427,85.94164645056635
264,28,1,0.0,0.0,54.129368893533
264,29,5,0.6,0.2,66.65420938890516
265,22,3,1.6666666666666667,0.3333333333333333,101.02655986422917
265,23,4,2.5,0.5,58.98354436330695
265,24,2,2.0,0.4,77.48969594192886
265,25,3,1.3333333333333333,0.26666666666666666,111.37614392178666
265,26,1,0.0,0.0,81.1714063564532
265,27,2,1.5,0.375,62.30237348040825
265,28,3,1.3333333333333333,0.4444444444444444,59.17099232956773
265,29,2,1.5,0.5,52.274117319161505
266,22,5,1.6,0.32,59.2633796352838
266,23,4,2.25,0.45,74.30068283913326
266,24,4,1.25,0.25,72.09870942022067
266,25,2,1.0,0.2,98.72228575134184
266,26,12,1.0833333333333333,0.21666666666666667,67.94293910410077
266,27,4,1.5,0.375,71.50111434540842
266,28,4,0.75,0.25,87.89165822837597
266,29,5,1.2,0.4,82.18397278955932
267,22,5,1.2,0.24,84.79299500590304
267,23,6,1.0,0.20000000000000004,74.85960503207245
267,24,5,2.0,0.4,74.82789629316642
267,25,6,1.1666666666666667,0.23333333333333336,67.79662410725508
267,26,5,1.8,0.36,69.05181792042292
267,27,2,1.0,0.25,56.80469294921531
267,28,3,1.0,0.3333333333333333,63.9322149641395
267,29,7,0.42857142857142855,0.14285714285714285,67.45877456090604
268,22,5,1.4,0.28,83.2094180486549
268,23,4,1.75,0.35,48.77634944552477
268,25,3,1.3333333333333333,0.26666666666666666,79.09829607513076
268,26,2,1.5,0.30000000000000004,71.50621626570731
268,27,8,1.375,0.34375,93.36647838942397
268,28,6,0.8333333333333334,0.27777777777777773,77.75174852335597
268,29,7,1.0,0.3333333333333333,67.68212936589289
269,22,4,1.75,0.35,75.25794259896672
269,23,6,1.6666666666666667,0.3333333333333333,66.66518111062824
269,24,6,1.5,0.3,78.29383842764746
269,25,3,1.0,0.20000000000000004,66.67995021368883
269,26,6,1.5,0.3,60.49777425740705
269,27,5,1.0,0.25,85.38757935782928
269,29,3,0.6666666666666666,0.2222222222222222,83.06905753084997
270,22,3,2.0,0.39999999999999997,84.01567937390661
270,23,5,1.4,0.28,55.355585010402265
270,24,1,1.0,0.2,76.5022307854273
270,25,4,1.25,0.25,52.244783084515774
270,26,2,0.5,0.1,102.11008547539035
270,27,1,1.0,0.25,78.5835024581736
270,28,2,2.0,0.6666666666666666,92.98956800152601
270,29,4,1.0,0.3333333333333333,59.38321211729165
271,22,3,1.6666666666666667,0.3333333333333333,73.8360647338949
271,23,3,1.0,0.20000000000000004,62.7164492522978
271,24,5,1.2,0.24000000000000005,69.95148438312262
271,25,3,1.6666666666666667,0.3333333333333333,67.73211088312614
271,26,5,1.2,0.24000000000000005,64.1649595639199
271,27,4,0.75,0.1875,52.94106003514932
271,28,2,1.0,0.3333333333333333,73.071879110448
271,29,3,1.3333333333333333,0.4444444444444444,75.31475108470056
272,22,3,0.3333333333333333,0.06666666666666667,116.44729819095733
272,23,6,1.1666666666666667,0.23333333333333336,78.94663276304844
272,24,2,0.5,0.1,47.776062730144744
272,25,6,1.5,0.3,84.09452255184651
272,26,1,0.0,0.0,79.245761002328
272,27,4,1.5,0.375,70.44846189033838
272,28,2,0.0,0.0,64.65842491811115
272,29,3,1.0,0.3333333333333333,78.02239635008668
273,22,3,0.0,0.0,103.89283790847678
273,23,3,2.3333333333333335,0.4666666666666666,83.38240229027687
273,24,3,1.0,0.20000000000000004,60.2370464995408
273,25,2,2.0,0.4,101.61859068399365
273,26,3,1.3333333333333333,0.26666666666666666,81.3784871069398
273,27,1,3.0,0.75,35.6510814357853
273,28,4,0.25,0.08333333333333333,72.27443410084686
273,29,3,1.0,0.3333333333333333,58.794828482945604
274,22,3,3.0,0.6,73.29824315329283
274,23,2,2.0,0.4,64.679751296637
274,24,1,1.0,0.2,100.608515059807
274,25,3,1.3333333333333333,0.26666666666666666,83.69456634654357
274,26,2,0.5,0.1,53.6458921958995
274,27,1,1.0,0.25,99.3153325649705
274,28,5,0.4,0.13333333333333333,63.802268424890556
274,29,6,1.3333333333333333,0.4444444444444444,87.16428710442109
275,22,2,1.0,0.2,82.3507835638047
275,23,2,1.0,0.2,88.05581086399366
275,25,2,1.0,0.2,96.77913593659075
275,26,5,0.6,0.12000000000000002,72.83756447075632
275,27,4,0.75,0.1875,63.678468685427475
275,28,3,1.0,0.3333333333333333,60.50526042531783
275,29,2,1.0,0.3333333333333333,76.0003503694941
276,22,3,0.6666666666666666,0.13333333333333333,86.13800432633506
276,23,5,2.0,0.4,79.65608330892712
276,24,3,2.0,0.39999999999999997,89.0514399927968
276,25,3,1.3333333333333333,0.26666666666666666,96.47168958425374
276,26,4,0.75,0.15000000000000002,87.02394737762627
276,27,7,0.7142857142857143,0.17857142857142858,69.72609183664066
276,28,5,1.0,0.3333333333333333,65.22621610037116
276,29,5,1.4,0.4666666666666666,68.59622072229881
277,22,2,1.0,0.2,60.5282856682327
277,23,8,1.125,0.225,62.39395817508046
277,24,4,1.5,0.3,35.92161032045277
277,25,1,2.0,0.4,61.27866281429
277,26,3,0.3333333333333333,0.06666666666666667,66.10884464251627
277,27,5,0.6,0.15,57.50243174382867
277,28,2,0.5,0.16666666666666666,83.01814917987869
277,29,4,0.75,0.25,83.18622833444923
278,22,3,0.6666666666666666,0.13333333333333333,98.28562829594223
278,23,6,1.0,0.20000000000000004,68.84772080872877
278,24,6,1.3333333333333333,0.26666666666666666,80.78244159570083
278,25,6,1.6666666666666667,0.3333333333333333,72.7075985390864
278,26,3,0.6666666666666666,0.13333333333333333,64.33481451027023
278,27,3,1.3333333333333333,0.3333333333333333,64.87925953091103
278,28,1,0.0,0.0,55.7852304471877
278,29,2,0.5,0.16666666666666666,47.37220194355345
279,22,3,1.6666666666666667,0.3333333333333333,92.66236257753825
279,23,2,2.0,0.4,68.1727437744445
279,24,5,1.2,0.24000000000000005,45.24167681957222
279,25,7,1.8571428571428572,0.37142857142857144,59.85823237153567
279,26,4,1.0,0.2,75.9199814046508
279,27,1,2.0,0.5,56.4031135454751
279,28,2,1.0,0.3333333333333333,97.70560414036525
279,29,1,0.0,0.0,66.5320759645719
280,22,5,1.0,0.2,67.38172944233699
280,23,3,1.0,0.20000000000000004,47.9647020885688
280,24,5,1.2,0.24000000000000005,84.982017151359
280,25,1,1.0,0.2,60.7355087018419
280,26,6,1.3333333333333333,0.26666666666666666,59.803672489333515
280,27,7,0.7142857142857143,0.17857142857142858,70.15221910663946
280,28,1,3.0,1.0,32.7151350173724
280,29,3,0.0,0.0,86.71085179664607
281,22,5,0.8,0.16,68.17711529988705
281,23,3,2.0,0.39999999999999997,69.7980238292106
281,24,4,1.75,0.35,70.13423679432772
281,25,5,1.0,0.2,97.24859068759845
281,26,6,0.8333333333333334,0.16666666666666666,84.61654672942349
281,27,5,1.2,0.3,67.06914776997807
281,28,4,0.25,0.08333333333333333,76.81877683201915
281,29,5,1.2,0.4,91.51690016833858
282,22,3,1.6666666666666667,0.3333333333333333,64.75053022447844
282,25,2,2.0,0.4,38.59058743309995
282,26,5,1.6,0.32,65.30635392465783
282,27,5,1.0,0.25,78.16282942980104
282,28,3,0.0,0.0,75.39603911330774
282,29,6,1.3333333333333333,0.4444444444444444,79.61904050190653
283,22,2,1.0,0.2,38.1048697358271
283,23,6,1.5,0.3,71.09090783548511
283,24,6,0.8333333333333334,0.16666666666666666,68.89267487915323
283,25,3,1.6666666666666667,0.3333333333333333,75.41992670277891
283,26,4,2.0,0.4,72.64454063931467
283,27,6,1.3333333333333333,0.3333333333333333,69.537214891617
283,28,2,0.5,0.16666666666666666,35.4657309951009
283,29,8,0.75,0.25,78.85664290871873
284,22,1,2.0,0.4,60.3643516608514
284,23,4,1.0,0.2,75.44312415081812
284,24,4,1.25,0.25,105.82257629210207
284,25,4,1.0,0.2,104.24539918371934
284,26,4,1.75,0.35,53.58164230065435
284,27,3,0.6666666666666666,0.16666666666666666,66.31208594252104
284,28,3,0.3333333333333333,0.1111111111111111,88.29995560935451
284,29,1,0.0,0.0,33.8767256038032
285,22,2,1.0,0.2,46.4616876305746
285,23,4,2.5,0.5,77.29623691557663
285,24,3,1.0,0.20000000000000004,80.23335194944251
285,25,3,1.3333333333333333,0.26666666666666666,72.5733101663961
285,26,4,0.75,0.15000000000000002,72.9521046724112
285,28,6,0.6666666666666666,0.2222222222222222,64.93682653703716
285,29,1,0.0,0.0,51.024292987656
286,22,1,0.0,0.0,69.317632419678
286,23,3,1.0,0.20000000000000004,96.02656979259613
286,24,3,1.3333333333333333,0.26666666666666666,58.3094591165914
286,25,3,0.3333333333333333,0.06666666666666667,83.84486414152043
286,26,2,2.0,0.4,110.73520164880449
286,27,5,1.2,0.3,80.0308411902118
286,28,5,0.6,0.2,69.31484568458401
287,22,9,0.7777777777777778,0.15555555555555556,79.4586456270127
287,23,5,1.6,0.32,69.43472010409188
287,24,6,1.1666666666666667,0.23333333333333336,42.71260295802738
287,25,5,1.0,0.2,60.22836299912434
287,26,4,1.75,0.35000000000000003,72.82679397965785
287,27,2,0.5,0.125,100.0107946652001
287,28,4,0.25,0.08333333333333333,77.7003620842967
287,29,4,1.0,0.3333333333333333,98.50188462594258
288,22,4,1.25,0.25,77.95896569396557
288,23,5,2.0,0.4,73.02002442296057
288,24,3,0.3333333333333333,0.06666666666666667,54.930417190275165
288,25,3,1.0,0.20000000000000004,50.355840695253164
288,26,4,1.25,0.25,67.51814053587947
288,27,3,0.6666666666666666,0.16666666666666666,66.05380948409896
288,28,2,0.5,0.16666666666666666,60.631071368734396
288,29,4,1.0,0.3333333333333333,78.71126499634185
289,22,5,1.2,0.24000000000000005,90.73235394912508
289,23,5,1.0,0.2,84.70148462443892
289,24,2,0.0,0.0,71.4851313088283
289,25,3,0.3333333333333333,0.06666666666666667,97.6666860907594
289,26,2,0.5,0.1,76.95424738674966
289,27,2,1.0,0.25,102.50083048968881
289,28,1,0.0,0.0,102.048129905366
289,29,2,0.0,0.0,82.06846639078715
290,22,4,1.5,0.3,87.33968295122276
290,23,4,1.75,0.35000000000000003,67.38954722780798
290,24,3,0.6666666666666666,0.13333333333333333,52.58676216745213
290,25,3,0.3333333333333333,0.06666666666666667,70.6580945456242
290,26,6,1.0,0.20000000000000004,96.222317113182
290,27,7,0.8571428571428571,0.21428571428571427,75.93337063097947
290,28,6,0.6666666666666666,0.2222222222222222,64.01536492616967
290,29,4,1.0,0.3333333333333333,104.240133671864
291,22,2,1.5,0.30000000000000004,65.92587449176224
291,23,6,1.5,0.3,70.03750795969533
291,24,3,0.6666666666666666,0.13333333333333333,56.033883458233994
291,25,2,1.5,0.30000000000000004,55.0960362403086
291,26,3,1.3333333333333333,0.26666666666666666,63.721412498883495
291,27,4,1.75,0.4375,79.36629100253074
291,28,5,0.6,0.2,94.55113149051604
291,29,2,0.5,0.16666666666666666,82.26610946300175
292,22,2,1.0,0.2,73.58670361428929
292,23,1,2.0,0.4,45.8398099571832
292,24,5,1.2,0.24000000000000005,92.37283155943666
292,25,7,1.1428571428571428,0.2285714285714286,85.67973569808827
292,26,4,1.25,0.25,72.74451250446074
292,27,6,1.0,0.25,68.43888211903807
292,28,6,1.1666666666666667,0.38888888888888884,66.4436214030821
292,29,5,1.2,0.4,69.41007916782652
293,22,5,0.8,0.16,69.59346894927054
293,23,6,0.8333333333333334,0.16666666666666666,65.71074841877439
293,24,5,0.6,0.12000000000000002,71.01837198846944
293,25,2,1.5,0.30000000000000004,69.31670591063225
293,26,3,1.6666666666666667,0.3333333333333333,80.62757999757154
293,27,2,1.0,0.25,107.8890320005505
293,28,5,1.0,0.3333333333333333,71.00056447543379
293,29,3,0.3333333333333333,0.1111111111111111,82.06658675197576
294,22,3,1.0,0.20000000000000004,71.45918787622354
294,23,4,0.75,0.15000000000000002,71.43772436861208
294,24,2,1.5,0.30000000000000004,94.6445660576202
294,25,7,2.0,0.39999999999999997,60.42689668042693
294,26,5,1.4,0.28,77.19152131254384
294,27,3,0.3333333333333333,0.08333333333333333,98.14132990261476
294,28,5,0.8,0.26666666666666666,69.82500157832756
294,29,3,0.6666666666666666,0.2222222222222222,58.81597016297213
295,22,7,0.7142857142857143,0.14285714285714285,61.398891397342105
295,23,3,1.0,0.20000000000000004,70.70035618368372
295,24,6,0.3333333333333333,0.06666666666666667,79.0303362911624
295,25,4,1.5,0.3,79.27067828070845
295,26,6,1.6666666666666667,0.3333333333333333,84.94771526143752
295,27,1,0.0,0.0,71.8430034527029
295,28,3,0.6666666666666666,0.2222222222222222,90.6289616028716
295,29,6,0.6666666666666666,0.2222222222222222,83.51649481155165
296,22,7,1.1428571428571428,0.2285714285714286,83.74725664594962
296,23,2,1.0,0.2,54.45423569228565
296,24,3,1.0,0.20000000000000004,80.9131041253997
296,25,7,1.5714285714285714,0.31428571428571433,61.53170998568741
296,26,3,1.3333333333333333,0.26666666666666666,73.06292450079202
296,27,2,2.0,0.5,92.1048813373728
296,28,7,0.42857142857142855,0.14285714285714285,85.99203585451959
296,29,6,0.5,0.16666666666666666,78.09769294267602
297,22,5,1.2,0.24000000000000005,88.26873786846426
297,23,1,0.0,0.0,108.077550125615
297,24,2,1.0,0.2,91.66722211899244
297,25,4,1.75,0.35,81.70842853922599
297,26,2,0.5,0.1,113.006032293725
297,27,3,1.3333333333333333,0.3333333333333333,79.5744488554038
297,28,3,0.6666666666666666,0.2222222222222222,76.75333560246087
297,29,4,0.75,0.25,75.49097516754182
298,22,5,0.8,0.16,76.11861235933112
298,23,5,1.4,0.27999999999999997,93.68950435462457
298,24,8,1.125,0.225,70.18131064941538
298,25,6,1.1666666666666667,0.23333333333333336,74.52828520835119
298,26,4,2.0,0.4,71.65798436214382
298,27,6,0.3333333333333333,0.08333333333333333,61.5909952753598
298,28,3,0.0,0.0,100.3728477503176
298,29,3,1.0,0.3333333333333333,96.4518315230862
299,22,7,1.2857142857142858,0.2571428571428572,72.4322340269108
299,23,4,0.75,0.15000000000000002,72.26238352696103
299,24,5,1.0,0.2,69.08394143248309
299,25,5,1.0,0.2,57.630272927425985
299,26,1,2.0,0.4,33.329990531176
299,27,4,1.0,0.25,87.78833182346062
299,28,9,0.8888888888888888,0.2962962962962963,57.46758402527059
299,29,2,0.5,0.16666666666666666,105.401075868825
300,22,4,0.75,0.15,81.65677186417639
300,23,2,0.5,0.1,91.62442421972385
300,24,1,2.0,0.4,41.8643094559856
300,25,7,1.4285714285714286,0.2857142857142857,78.32847219150186
300,26,3,1.6666666666666667,0.3333333333333333,91.30482939743284
300,27,2,1.5,0.375,74.92891490133326
300,28,4,0.75,0.25,69.72726661815283
300,29,2,1.0,0.3333333333333333,58.13519232465795
301,22,8,1.0,0.2,75.99781313973989
301,23,5,1.2,0.24,81.4226256009248
301,24,4,1.5,0.30000000000000004,75.9323903735488
301,25,6,1.1666666666666667,0.23333333333333336,54.93218927267602
301,26,4,1.25,0.25,65.62849320878475
301,27,5,0.4,0.1,77.48608787622858
301,28,4,0.5,0.16666666666666666,75.28601330380963
301,29,2,0.5,0.16666666666666666,85.17451898057035
